ID,Form_ID,Form,Cognateset_ID,Doubt,Cognate_Detection_Method,Source,Alignment,Alignment_Method,Alignment_Source
Achagua-1_i-1-1,Achagua-1_i-1,nuja,1,false,expert,Chacon2017,,,
Baniwa-1_i-1-1,Baniwa-1_i-1,nhóa,1,false,expert,Chacon2017,,,
Kabiyari-1_i-1-1,Kabiyari-1_i-1,nhú,1,false,expert,Chacon2017,,,
Kabiyari-1_i-2-1,Kabiyari-1_i-2,nu-,1,false,expert,Chacon2017,,,
Piapoco-1_i-1-1,Piapoco-1_i-1,núa,1,false,expert,Chacon2017,,,
Resigaro-1_i-1-1,Resigaro-1_i-1,ó,6,false,expert,Chacon2017,,,
Tariana-1_i-1-1,Tariana-1_i-1,nuha,1,false,expert,Chacon2017,,,
Yukuna-1_i-1-1,Yukuna-1_i-1,nuká,1,false,expert,Chacon2017,,,
Achagua-2_all-1-1,Achagua-2_all-1,kininama,9,false,expert,Chacon2017,,,
Baniwa-2_all-1-1,Baniwa-2_all-1,phálhai,11,false,expert,Chacon2017,,,
Kabiyari-2_all-1-1,Kabiyari-2_all-1,put'i,17,false,expert,Chacon2017,,,
Piapoco-2_all-1-1,Piapoco-2_all-1,kanánama,9,false,expert,Chacon2017,,,
Piapoco-2_all-2-1,Piapoco-2_all-2,makáita,18,false,expert,Chacon2017,,,
Resigaro-2_all-1-1,Resigaro-2_all-1,phé?tó?,17,false,expert,Chacon2017,,,
Yukuna-2_all-1-1,Yukuna-2_all-1,pijukeha,17,false,expert,Chacon2017,,,
Achagua-3_ash-1-1,Achagua-3_ash-1,ba:li,27,false,expert,Chacon2017,,,
Baniwa-3_ash-1-1,Baniwa-3_ash-1,-wádzole,26,false,expert,Chacon2017,,,
Kabiyari-3_ash-1-1,Kabiyari-3_ash-1,pa'ari,27,false,expert,Chacon2017,,,
Piapoco-3_ash-1-1,Piapoco-3_ash-1,balìi,27,false,expert,Chacon2017,,,
Piapoco-3_ash-2-1,Piapoco-3_ash-2,ibalìiná,27,false,expert,Chacon2017,,,
Resigaro-3_ash-1-1,Resigaro-3_ash-1,ókóniigiJíhú,25,false,expert,Chacon2017,,,
Yukuna-3_ash-1-1,Yukuna-3_ash-1,paiʔilá,27,false,expert,Chacon2017,,,
Achagua-4_bark-1-1,Achagua-4_bark-1,i:manaʃi,37,false,expert,Chacon2017,,,
Baniwa-4_bark-1-1,Baniwa-4_bark-1,-ya,30,false,expert,Chacon2017,,,
Resigaro-4_bark-1-1,Resigaro-4_bark-1,daʔmí,37,false,expert,Chacon2017,,,
Yukuna-4_bark-1-1,Yukuna-4_bark-1,ímahi,37,false,expert,Chacon2017,,,
Achagua-5_belly-1-1,Achagua-5_belly-1,jawaiʃi,39,false,expert,Chacon2017,,,
Baniwa-5_belly-1-1,Baniwa-5_belly-1,-xáda,48,false,expert,Chacon2017,,,
Kabiyari-5_belly-1-1,Kabiyari-5_belly-1,te[re],46,false,expert,Chacon2017,,,
Piapoco-5_belly-1-1,Piapoco-5_belly-1,dèe,46,false,expert,Chacon2017,,,
Resigaro-5_belly-1-1,Resigaro-5_belly-1,-ii?šáú,48,false,expert,Chacon2017,,,
Yukuna-5_belly-1-1,Yukuna-5_belly-1,hulahi,47,false,expert,Chacon2017,,,
Achagua-6_big-1-1,Achagua-6_big-1,maanuii,58,false,expert,Chacon2017,,,
Baniwa-6_big-1-1,Baniwa-6_big-1,maka-,50,false,expert,Chacon2017,,,
Kabiyari-6_big-1-1,Kabiyari-6_big-1,manuʔú,58,false,expert,Chacon2017,,,
Piapoco-6_big-1-1,Piapoco-6_big-1,manuíɾi,58,false,expert,Chacon2017,,,
Resigaro-6_big-1-1,Resigaro-6_big-1,ǰiǰá?aamí,54,false,expert,Chacon2017,,,
Yukuna-6_big-1-1,Yukuna-6_big-1,ɲópoʔohlo,57,false,expert,Chacon2017,,,
Achagua-7_bird-1-1,Achagua-7_bird-1,míʃidu,66,false,expert,Chacon2017,,,
Baniwa-7_bird-1-1,Baniwa-7_bird-1,képira,67,false,expert,Chacon2017,,,
Kabiyari-7_bird-1-1,Kabiyari-7_bird-1,ʔupira,67,false,expert,Chacon2017,,,
Kabiyari-7_bird-2-1,Kabiyari-7_bird-2,ku(' )pira,67,false,expert,Chacon2017,,,
Piapoco-7_bird-1-1,Piapoco-7_bird-1,màsibèe,66,false,expert,Chacon2017,,,
Piapoco-7_bird-2-1,Piapoco-7_bird-2,kuìpìra,67,false,expert,Chacon2017,,,
Resigaro-7_bird-1-1,Resigaro-7_bird-1,kóʔpíidú,67,false,expert,Chacon2017,,,
Resigaro-7_bird-2-1,Resigaro-7_bird-2,adovíigí,70,false,expert,Chacon2017,,,
Yukuna-7_bird-1-1,Yukuna-7_bird-1,kupiraʔapʰá,67,false,expert,Chacon2017,,,
Achagua-8_bite-1-1,Achagua-8_bite-1,-ámua,79,false,expert,Chacon2017,,,
Baniwa-8_bite-1-1,Baniwa-8_bite-1,-mhoa,79,false,expert,Chacon2017,,,
Kabiyari-8_bite-1-1,Kabiyari-8_bite-1,amhe,79,false,expert,Chacon2017,,,
Piapoco-8_bite-1-1,Piapoco-8_bite-1,itʃikúadaka,75,false,expert,Chacon2017,,,
Piapoco-8_bite-2-1,Piapoco-8_bite-2,imasáaka,79,false,expert,Chacon2017,,,
Piapoco-8_bite-3-1,Piapoco-8_bite-3,nuamíadaka,79,false,expert,Chacon2017,,,
Piapoco-8_bite-4-1,Piapoco-8_bite-4,jaamíaka,79,false,expert,Chacon2017,,,
Piapoco-8_bite-5-1,Piapoco-8_bite-5,júukaka,83,false,expert,Chacon2017,,,
Resigaro-8_bite-1-1,Resigaro-8_bite-1,-emú,79,false,expert,Chacon2017,,,
Yukuna-8_bite-1-1,Yukuna-8_bite-1,ahmaʔakahe,79,false,expert,Chacon2017,,,
Achagua-9_black-1-1,Achagua-9_black-1,katʃahulailau,89,false,expert,Chacon2017,,,
Baniwa-9_black-1-1,Baniwa-9_black-1,íitta,86,false,expert,Chacon2017,,,
Kabiyari-9_black-1-1,Kabiyari-9_black-1,kewere-ri,88,false,expert,Chacon2017,,,
Piapoco-9_black-1-1,Piapoco-9_black-1,kú:lí:ɾi,88,false,expert,Chacon2017,,,
Resigaro-9_black-1-1,Resigaro-9_black-1,tsaphó?,89,false,expert,Chacon2017,,,
Yukuna-9_black-1-1,Yukuna-9_black-1,kameni,91,false,expert,Chacon2017,,,
Achagua-10_blood-1-1,Achagua-10_blood-1,iirai,97,false,expert,Chacon2017,,,
Baniwa-10_blood-1-1,Baniwa-10_blood-1,-iiranaa,97,false,expert,Chacon2017,,,
Kabiyari-10_blood-1-1,Kabiyari-10_blood-1,íʔira,97,false,expert,Chacon2017,,,
Piapoco-10_blood-1-1,Piapoco-10_blood-1,iɾái,97,false,expert,Chacon2017,,,
Resigaro-10_blood-1-1,Resigaro-10_blood-1,-iidú,97,false,expert,Chacon2017,,,
Yukuna-10_blood-1-1,Yukuna-10_blood-1,íɾahi,97,false,expert,Chacon2017,,,
Yukuna-10_blood-2-1,Yukuna-10_blood-2,hiɾá,97,false,expert,Chacon2017,,,
Achagua-11_bone-1-1,Achagua-11_bone-1,jahiʃi,108,false,expert,Chacon2017,,,
Baniwa-11_bone-1-1,Baniwa-11_bone-1,-áapi,108,false,expert,Chacon2017,,,
Kabiyari-11_bone-1-1,Kabiyari-11_bone-1,japi,108,false,expert,Chacon2017,,,
Piapoco-11_bone-1-1,Piapoco-11_bone-1,api,108,false,expert,Chacon2017,,,
Resigaro-11_bone-1-1,Resigaro-11_bone-1,aápí,108,false,expert,Chacon2017,,,
Yukuna-11_bone-1-1,Yukuna-11_bone-1,apʰinámihi,108,false,expert,Chacon2017,,,
Baniwa-12_breast1-1-1,Baniwa-12_breast1-1,-íini,117,false,expert,Chacon2017,,,
Piapoco-12_breast1-1-1,Piapoco-12_breast1-1,ìni,117,false,expert,Chacon2017,,,
Achagua-13_breast2-1-1,Achagua-13_breast2-1,kutaʃi,120,false,expert,Chacon2017,,,
Kabiyari-13_breast2-1-1,Kabiyari-13_breast2-1,ji,117,false,expert,Chacon2017,,,
Kabiyari-13_breast2-2-1,Kabiyari-13_breast2-2,ukhu(ta),120,false,expert,Chacon2017,,,
Piapoco-13_breast2-1-1,Piapoco-13_breast2-1,ukuta,120,false,expert,Chacon2017,,,
Resigaro-13_breast2-1-1,Resigaro-13_breast2-1,óʔkótáapígú,120,false,expert,Chacon2017,,,
Yukuna-13_breast2-1-1,Yukuna-13_breast2-1,tʃuʔutʃú,3,false,expert,Chacon2017,,,
Baniwa-14_burn1-1-1,Baniwa-14_burn1-1,-haaka,129,false,expert,Chacon2017,,,
Yukuna-14_burn1-1-1,Yukuna-14_burn1-1,káraʔakahe,129,false,expert,Chacon2017,,,
Achagua-15_burn2-1-1,Achagua-15_burn2-1,e:mairi,130,false,expert,Chacon2017,,,
Baniwa-15_burn2-1-1,Baniwa-15_burn2-1,-ma,130,false,expert,Chacon2017,,,
Kabiyari-15_burn2-1-1,Kabiyari-15_burn2-1,kahema,130,false,expert,Chacon2017,,,
Kabiyari-15_burn2-2-1,Kabiyari-15_burn2-2,heema,130,false,expert,Chacon2017,,,
Piapoco-15_burn2-1-1,Piapoco-15_burn2-1,emáka,130,false,expert,Chacon2017,,,
Resigaro-15_burn2-1-1,Resigaro-15_burn2-1,hoo-kʰú,129,false,expert,Chacon2017,,,
Warekena-15_burn2-1-1,Warekena-15_burn2-1,méniketa,130,false,expert,Chacon2017,,,
Achagua-16_claw-1-1,Achagua-16_claw-1,jubawiaʃi,138,false,expert,Chacon2017,,,
Baniwa-16_claw-1-1,Baniwa-16_claw-1,-tsóta,140,false,expert,Chacon2017,,,
Kabiyari-16_claw-1-1,Kabiyari-16_claw-1,uʔupa,138,false,expert,Chacon2017,,,
Piapoco-16_claw-1-1,Piapoco-16_claw-1,yúuba,138,false,expert,Chacon2017,,,
Piapoco-16_claw-2-1,Piapoco-16_claw-2,uba,138,false,expert,Chacon2017,,,
Resigaro-16_claw-1-1,Resigaro-16_claw-1,hiʔtáví,140,false,expert,Chacon2017,,,
Yukuna-16_claw-1-1,Yukuna-16_claw-1,uʔupa,138,false,expert,Chacon2017,,,
Achagua-17_cloud-1-1,Achagua-17_cloud-1,saanai,143,false,expert,Chacon2017,,,
Baniwa-17_cloud-1-1,Baniwa-17_cloud-1,eenótona,144,false,expert,Chacon2017,,,
Baniwa-17_cloud-2-1,Baniwa-17_cloud-2,idzadawäka,152,false,expert,Chacon2017,,,
Piapoco-17_cloud-1-1,Piapoco-17_cloud-1,akalèe,150,false,expert,Chacon2017,,,
Resigaro-17_cloud-1-1,Resigaro-17_cloud-1,iítshú,152,false,expert,Chacon2017,,,
Yukuna-17_cloud-1-1,Yukuna-17_cloud-1,[huni] huwákaʔala,150,false,expert,Chacon2017,,,
Achagua-18_cold-1-1,Achagua-18_cold-1,kasalini:,153,false,expert,Chacon2017,,,
Baniwa-18_cold-1-1,Baniwa-18_cold-1,hápe,165,false,expert,Chacon2017,,,
Kabiyari-18_cold-1-1,Kabiyari-18_cold-1,peʔe,165,false,expert,Chacon2017,,,
Piapoco-18_cold-1-1,Piapoco-18_cold-1,kasalíní:ɾi,153,false,expert,Chacon2017,,,
Resigaro-18_cold-1-1,Resigaro-18_cold-1,hiʔpííʔ,165,false,expert,Chacon2017,,,
Resigaro-18_cold-2-1,Resigaro-18_cold-2,taa,5,false,expert,Chacon2017,,,
Yukuna-18_cold-1-1,Yukuna-18_cold-1,ipeʔení,165,false,expert,Chacon2017,,,
Achagua-19_come-1-1,Achagua-19_come-1,i:nueri,169,false,expert,Chacon2017,,,
Baniwa-19_come-1-1,Baniwa-19_come-1,-no,169,false,expert,Chacon2017,,,
Kabiyari-19_come-1-1,Kabiyari-19_come-1,mira(a)ni,7,false,expert,Chacon2017,,,
Kabiyari-19_come-2-1,Kabiyari-19_come-2,anaa,169,false,expert,Chacon2017,,,
Piapoco-19_come-1-1,Piapoco-19_come-1,nùakawa néese,169,false,expert,Chacon2017,,,
Resigaro-19_come-1-1,Resigaro-19_come-1,tsaʔnú,169,false,expert,Chacon2017,,,
Yukuna-19_come-1-1,Yukuna-19_come-1,ipʰakahe,173,false,expert,Chacon2017,,,
Yukuna-19_come-2-1,Yukuna-19_come-2,waítʃa,175,false,expert,Chacon2017,,,
Warekena-19_come-1-1,Warekena-19_come-1,-wína,7,false,expert,Chacon2017,,,
Warekena-19_come-2-1,Warekena-19_come-2,wádi!,175,false,expert,Chacon2017,,,
Achagua-20_die-1-1,Achagua-20_die-1,ma:nali:,177,false,expert,Chacon2017,,,
Baniwa-20_die-1-1,Baniwa-20_die-1,malíome,178,false,expert,Chacon2017,,,
Kabiyari-20_die-1-1,Kabiyari-20_die-1,mikuu,180,false,expert,Chacon2017,,,
Piapoco-20_die-1-1,Piapoco-20_die-1,étákawa,185,false,expert,Chacon2017,,,
Resigaro-20_die-1-1,Resigaro-20_die-1,kainée- ǰú,182,false,expert,Chacon2017,,,
Yukuna-20_die-1-1,Yukuna-20_die-1,takaʔakahe,185,false,expert,Chacon2017,,,
Achagua-21_dog-1-1,Achagua-21_dog-1,auli,190,false,expert,Chacon2017,,,
Baniwa-21_dog-1-1,Baniwa-21_dog-1,tsiino,187,false,expert,Chacon2017,,,
Kabiyari-21_dog-1-1,Kabiyari-21_dog-1,t∫aawi,189,false,expert,Chacon2017,,,
Piapoco-21_dog-1-1,Piapoco-21_dog-1,jàlidu,190,false,expert,Chacon2017,,,
Resigaro-21_dog-1-1,Resigaro-21_dog-1,íiní,187,false,expert,Chacon2017,,,
Tariana-21_dog-1-1,Tariana-21_dog-1,tʃínu,187,false,expert,Chacon2017,,,
Yukuna-21_dog-1-1,Yukuna-21_dog-1,walú,194,false,expert,Chacon2017,,,
Achagua-22_drink-1-1,Achagua-22_drink-1,i:reri,196,false,expert,Chacon2017,,,
Baniwa-22_drink-1-1,Baniwa-22_drink-1,-íira,196,false,expert,Chacon2017,,,
Kabiyari-22_drink-1-1,Kabiyari-22_drink-1,irá,196,false,expert,Chacon2017,,,
Piapoco-22_drink-1-1,Piapoco-22_drink-1,ìɾaka,196,false,expert,Chacon2017,,,
Resigaro-22_drink-1-1,Resigaro-22_drink-1,i?dú,196,false,expert,Chacon2017,,,
Yukuna-22_drink-1-1,Yukuna-22_drink-1,iʔiɾakahe,196,false,expert,Chacon2017,,,
Baniwa-23_dryn-1-1,Baniwa-23_dryn-1,-meettáta,209,false,expert,Chacon2017,,,
Kabiyari-23_dryn-1-1,Kabiyari-23_dryn-1,iwá,205,false,expert,Chacon2017,,,
Piapoco-23_dryn-1-1,Piapoco-23_dryn-1,tʃuìɾi,206,false,expert,Chacon2017,,,
Resigaro-23_dryn-1-1,Resigaro-23_dryn-1,makádú,210,false,expert,Chacon2017,,,
Yukuna-23_dryn-1-1,Yukuna-23_dryn-1,makára'akaje,210,false,expert,Chacon2017,,,
Achagua-24_ear-1-1,Achagua-24_ear-1,wibaʃi,219,false,expert,Chacon2017,,,
Baniwa-24_ear-1-1,Baniwa-24_ear-1,-heeni,8,false,expert,Chacon2017,,,
Baniwa-24_ear-2-1,Baniwa-24_ear-2,-hináko-liko,217,false,expert,Chacon2017,,,
Kabiyari-24_ear-1-1,Kabiyari-24_ear-1,uʔuwi,219,false,expert,Chacon2017,,,
Piapoco-24_ear-1-1,Piapoco-24_ear-1,uwi,219,false,expert,Chacon2017,,,
Resigaro-24_ear-1-1,Resigaro-24_ear-1,henákó,217,false,expert,Chacon2017,,,
Yukuna-24_ear-1-1,Yukuna-24_ear-1,iʔihwihí,219,false,expert,Chacon2017,,,
Achagua-25_earth-1-1,Achagua-25_earth-1,kainabi,228,false,expert,Chacon2017,,,
Baniwa-25_earth-1-1,Baniwa-25_earth-1,híipai,222,false,expert,Chacon2017,,,
Kabiyari-25_earth-1-1,Kabiyari-25_earth-1,taʔka(a)ri,228,false,expert,Chacon2017,,,
Piapoco-25_earth-1-1,Piapoco-25_earth-1,káli,228,false,expert,Chacon2017,,,
Resigaro-25_earth-1-1,Resigaro-25_earth-1,hihi,226,false,expert,Chacon2017,,,
Yukuna-25_earth-1-1,Yukuna-25_earth-1,teʔeɾí,229,false,expert,Chacon2017,,,
Achagua-26_eat-1-1,Achagua-26_eat-1,i:jeri,232,false,expert,Chacon2017,,,
Baniwa-26_eat-1-1,Baniwa-26_eat-1,-íiñha,232,false,expert,Chacon2017,,,
Kabiyari-26_eat-1-1,Kabiyari-26_eat-1,tʃha,232,false,expert,Chacon2017,,,
Piapoco-26_eat-1-1,Piapoco-26_eat-1,já:ka,232,false,expert,Chacon2017,,,
Resigaro-26_eat-1-1,Resigaro-26_eat-1,a?mitú,235,false,expert,Chacon2017,,,
Yukuna-26_eat-1-1,Yukuna-26_eat-1,ahɲakahe,232,false,expert,Chacon2017,,,
Achagua-27_egg-1-1,Achagua-27_egg-1,eewiʃi,246,false,expert,Chacon2017,,,
Baniwa-27_egg-1-1,Baniwa-27_egg-1,-éewhe,246,false,expert,Chacon2017,,,
Kabiyari-27_egg-1-1,Kabiyari-27_egg-1,éewhé,246,false,expert,Chacon2017,,,
Piapoco-27_egg-1-1,Piapoco-27_egg-1,jé:wési,246,false,expert,Chacon2017,,,
Resigaro-27_egg-1-1,Resigaro-27_egg-1,eévé(ú),246,false,expert,Chacon2017,,,
Yukuna-27_egg-1-1,Yukuna-27_egg-1,ehwehi,246,false,expert,Chacon2017,,,
Achagua-28_eye-1-1,Achagua-28_eye-1,tuiʃi,254,false,expert,Chacon2017,,,
Baniwa-28_eye-1-1,Baniwa-28_eye-1,-thi,254,false,expert,Chacon2017,,,
Kabiyari-28_eye-1-1,Kabiyari-28_eye-1,thu,254,false,expert,Chacon2017,,,
Piapoco-28_eye-1-1,Piapoco-28_eye-1,tuí,254,false,expert,Chacon2017,,,
Resigaro-28_eye-1-1,Resigaro-28_eye-1,ihluhí,254,false,expert,Chacon2017,,,
Yukuna-28_eye-1-1,Yukuna-28_eye-1,ihluhí,254,false,expert,Chacon2017,,,
Kabiyari-29_feather-1-1,Kabiyari-29_feather-1,apána,256,false,expert,Chacon2017,,,
Piapoco-29_feather-1-1,Piapoco-29_feather-1,báika,257,false,expert,Chacon2017,,,
Resigaro-29_feather-1-1,Resigaro-29_feather-1,tsíináhí,10,false,expert,Chacon2017,,,
Tariana-29_feather-1-1,Tariana-29_feather-1,dí-tʃa,259,false,expert,Chacon2017,,,
Tariana-29_feather-2-1,Tariana-29_feather-2,dítʃa-ɾe,10,false,expert,Chacon2017,,,
Tariana-29_feather-3-1,Tariana-29_feather-3,daɾupʰemá-ma,262,false,expert,Chacon2017,,,
Yukuna-29_feather-1-1,Yukuna-29_feather-1,tʃihnehi,10,false,expert,Chacon2017,,,
Achagua-30_fire-1-1,Achagua-30_fire-1,tʃitʃai,272,false,expert,Chacon2017,,,
Baniwa-30_fire-1-1,Baniwa-30_fire-1,ttídzee,272,false,expert,Chacon2017,,,
Kabiyari-30_fire-1-1,Kabiyari-30_fire-1,kiraʔari,272,false,expert,Chacon2017,,,
Piapoco-30_fire-1-1,Piapoco-30_fire-1,kitʃái,272,false,expert,Chacon2017,,,
Piapoco-30_fire-2-1,Piapoco-30_fire-2,síjái,272,false,expert,Chacon2017,,,
Resigaro-30_fire-1-1,Resigaro-30_fire-1,oʔkonáʔ,267,false,expert,Chacon2017,,,
Yukuna-30_fire-1-1,Yukuna-30_fire-1,hijá,272,false,expert,Chacon2017,,,
Yukuna-30_fire-2-1,Yukuna-30_fire-2,keɾaʔatani,272,false,expert,Chacon2017,,,
Achagua-31_fishn-1-1,Achagua-31_fishn-1,kubai,273,false,expert,Chacon2017,,,
Baniwa-31_fishn-1-1,Baniwa-31_fishn-1,kóphe,273,false,expert,Chacon2017,,,
Kabiyari-31_fishn-1-1,Kabiyari-31_fishn-1,ʔulle,276,false,expert,Chacon2017,,,
Piapoco-31_fishn-1-1,Piapoco-31_fishn-1,kubái,273,false,expert,Chacon2017,,,
Resigaro-31_fishn-1-1,Resigaro-31_fishn-1,ámoogí,278,false,expert,Chacon2017,,,
Yukuna-31_fishn-1-1,Yukuna-31_fishn-1,kúpe,273,false,expert,Chacon2017,,,
Achagua-32_flesh-1-1,Achagua-32_flesh-1,i:naʃi,281,false,expert,Chacon2017,,,
Baniwa-32_flesh-1-1,Baniwa-32_flesh-1,-íipe,288,false,expert,Chacon2017,,,
Kabiyari-32_flesh-1-1,Kabiyari-32_flesh-1,?ii,288,false,expert,Chacon2017,,,
Piapoco-32_flesh-1-1,Piapoco-32_flesh-1,iinási,281,false,expert,Chacon2017,,,
Resigaro-32_flesh-1-1,Resigaro-32_flesh-1,gí?í,288,false,expert,Chacon2017,,,
Yukuna-32_flesh-1-1,Yukuna-32_flesh-1,ri'í,288,false,expert,Chacon2017,,,
Achagua-33_flyv-1-1,Achagua-33_flyv-1,ja:reriu,297,false,expert,Chacon2017,,,
Baniwa-33_flyv-1-1,Baniwa-33_flyv-1,-áara,297,false,expert,Chacon2017,,,
Kabiyari-33_flyv-1-1,Kabiyari-33_flyv-1,áara,297,false,expert,Chacon2017,,,
Piapoco-33_flyv-1-1,Piapoco-33_flyv-1,jálakawa,297,false,expert,Chacon2017,,,
Resigaro-33_flyv-1-1,Resigaro-33_flyv-1,adú,297,false,expert,Chacon2017,,,
Yukuna-33_flyv-1-1,Yukuna-33_flyv-1,ahɾakahe,297,false,expert,Chacon2017,,,
Achagua-34_foot-1-1,Achagua-34_foot-1,i:baʃi,306,false,expert,Chacon2017,,,
Baniwa-34_foot-1-1,Baniwa-34_foot-1,-híipa,306,false,expert,Chacon2017,,,
Kabiyari-34_foot-1-1,Kabiyari-34_foot-1,híipa,306,false,expert,Chacon2017,,,
Piapoco-34_foot-1-1,Piapoco-34_foot-1,abàli,306,false,expert,Chacon2017,,,
Resigaro-34_foot-1-1,Resigaro-34_foot-1,hiiʔpú,306,false,expert,Chacon2017,,,
Yukuna-34_foot-1-1,Yukuna-34_foot-1,hiʔimahi,306,false,expert,Chacon2017,,,
Achagua-35_full-1-1,Achagua-35_full-1,ka:wai,317,false,expert,Chacon2017,,,
Baniwa-35_full-1-1,Baniwa-35_full-1,pákhame(i),314,false,expert,Chacon2017,,,
Kabiyari-35_full-1-1,Kabiyari-35_full-1,manu',316,false,expert,Chacon2017,,,
Kabiyari-35_full-2-1,Kabiyari-35_full-2,miyana,12,false,expert,Chacon2017,,,
Resigaro-35_full-1-1,Resigaro-35_full-1,potsʰí?mó,314,false,expert,Chacon2017,,,
Yukuna-35_full-1-1,Yukuna-35_full-1,mano'okaje,316,false,expert,Chacon2017,,,
Achagua-36_give-1-1,Achagua-36_give-1,jaairi,326,false,expert,Chacon2017,,,
Baniwa-36_give-1-1,Baniwa-36_give-1,-áa,326,false,expert,Chacon2017,,,
Kabiyari-36_give-1-1,Kabiyari-36_give-1,-aa,326,false,expert,Chacon2017,,,
Resigaro-36_give-1-1,Resigaro-36_give-1,-aa?ní,326,false,expert,Chacon2017,,,
Yukuna-36_give-1-1,Yukuna-36_give-1,a'akaje,326,false,expert,Chacon2017,,,
Warekena-36_give-1-1,Warekena-36_give-1,-huwa,327,false,expert,Chacon2017,,,
Achagua-37_good-1-1,Achagua-37_good-1,saika,329,false,expert,Chacon2017,,,
Baniwa-37_good-1-1,Baniwa-37_good-1,mátsia,330,false,expert,Chacon2017,,,
Kabiyari-37_good-1-1,Kabiyari-37_good-1,tʃuni-ka,332,false,expert,Chacon2017,,,
Piapoco-37_good-1-1,Piapoco-37_good-1,kajábé:ɾi,333,false,expert,Chacon2017,,,
Resigaro-37_good-1-1,Resigaro-37_good-1,kaʃóʔ,334,false,expert,Chacon2017,,,
Yukuna-37_good-1-1,Yukuna-37_good-1,palani,337,false,expert,Chacon2017,,,
Achagua-38_grease-1-1,Achagua-38_grease-1,juuwika,338,false,expert,Chacon2017,,,
Baniwa-38_grease-1-1,Baniwa-38_grease-1,íitti,345,false,expert,Chacon2017,,,
Kabiyari-38_grease-1-1,Kabiyari-38_grease-1,íʔit̪i,345,false,expert,Chacon2017,,,
Piapoco-38_grease-1-1,Piapoco-38_grease-1,isé:ná,345,false,expert,Chacon2017,,,
Resigaro-38_grease-1-1,Resigaro-38_grease-1,phedee?kátasí,343,false,expert,Chacon2017,,,
Yukuna-38_grease-1-1,Yukuna-38_grease-1,hilahi,346,false,expert,Chacon2017,,,
Achagua-39_green-1-1,Achagua-39_green-1,ule:ji,349,false,expert,Chacon2017,,,
Baniwa-39_green-1-1,Baniwa-39_green-1,hípole,349,false,expert,Chacon2017,,,
Kabiyari-39_green-1-1,Kabiyari-39_green-1,puré,349,false,expert,Chacon2017,,,
Piapoco-39_green-1-1,Piapoco-39_green-1,ipùlé:ɾi,349,false,expert,Chacon2017,,,
Resigaro-39_green-1-1,Resigaro-39_green-1,ipogí?,349,false,expert,Chacon2017,,,
Yukuna-39_green-1-1,Yukuna-39_green-1,ipuɾeni,349,false,expert,Chacon2017,,,
Achagua-40_hair-1-1,Achagua-40_hair-1,bainaʃi,353,false,expert,Chacon2017,,,
Baniwa-40_hair-1-1,Baniwa-40_hair-1,-tsíkole,359,false,expert,Chacon2017,,,
Kabiyari-40_hair-1-1,Kabiyari-40_hair-1,tʃuna,359,false,expert,Chacon2017,,,
Piapoco-40_hair-1-1,Piapoco-40_hair-1,itʃùna,359,false,expert,Chacon2017,,,
Resigaro-40_hair-1-1,Resigaro-40_hair-1,híveʔádʒiiʔó,358,false,expert,Chacon2017,,,
Yukuna-40_hair-1-1,Yukuna-40_hair-1,wilahi,359,false,expert,Chacon2017,,,
Achagua-41_hand-1-1,Achagua-41_hand-1,kahiʃi,370,false,expert,Chacon2017,,,
Baniwa-41_hand-1-1,Baniwa-41_hand-1,-káapi,370,false,expert,Chacon2017,,,
Kabiyari-41_hand-1-1,Kabiyari-41_hand-1,kaapi,370,false,expert,Chacon2017,,,
Piapoco-41_hand-1-1,Piapoco-41_hand-1,ká:pi,370,false,expert,Chacon2017,,,
Resigaro-41_hand-1-1,Resigaro-41_hand-1,-ké,370,false,expert,Chacon2017,,,
Yukuna-41_hand-1-1,Yukuna-41_hand-1,játeʔelahi,373,false,expert,Chacon2017,,,
Achagua-42_head-1-1,Achagua-42_head-1,witaʃi,379,false,expert,Chacon2017,,,
Baniwa-42_head-1-1,Baniwa-42_head-1,-hiwída,379,false,expert,Chacon2017,,,
Kabiyari-42_head-1-1,Kabiyari-42_head-1,hiwíta,379,false,expert,Chacon2017,,,
Piapoco-42_head-1-1,Piapoco-42_head-1,[nu]iwita,379,false,expert,Chacon2017,,,
Resigaro-42_head-1-1,Resigaro-42_head-1,híveú,379,false,expert,Chacon2017,,,
Yukuna-42_head-1-1,Yukuna-42_head-1,wílaʔaɾuhi,379,false,expert,Chacon2017,,,
Achagua-43_hear-1-1,Achagua-43_hear-1,e:meri,390,false,expert,Chacon2017,,,
Baniwa-43_hear-1-1,Baniwa-43_hear-1,-hima,390,false,expert,Chacon2017,,,
Baniwa-43_hear-2-1,Baniwa-43_hear-2,-himeeta,390,false,expert,Chacon2017,,,
Kabiyari-43_hear-1-1,Kabiyari-43_hear-1,heme,390,false,expert,Chacon2017,,,
Piapoco-43_hear-1-1,Piapoco-43_hear-1,émìaka,390,false,expert,Chacon2017,,,
Resigaro-43_hear-1-1,Resigaro-43_hear-1,hé?mú,390,false,expert,Chacon2017,,,
Tariana-43_hear-1-1,Tariana-43_hear-1,-híma,390,false,expert,Chacon2017,,,
Yukuna-43_hear-1-1,Yukuna-43_hear-1,hemaʔakahe,390,false,expert,Chacon2017,,,
Achagua-44_heart-1-1,Achagua-44_heart-1,wowaʃi,400,false,expert,Chacon2017,,,
Baniwa-44_heart-1-1,Baniwa-44_heart-1,-kaale,393,false,expert,Chacon2017,,,
Kabiyari-44_heart-1-1,Kabiyari-44_heart-1,kareta,393,false,expert,Chacon2017,,,
Piapoco-44_heart-1-1,Piapoco-44_heart-1,nu-wàwa,400,false,expert,Chacon2017,,,
Piapoco-44_heart-2-1,Piapoco-44_heart-2,í:ɾiku,393,false,expert,Chacon2017,,,
Resigaro-44_heart-1-1,Resigaro-44_heart-1,váfoú,400,false,expert,Chacon2017,,,
Yukuna-44_heart-1-1,Yukuna-44_heart-1,wahwehi,400,false,expert,Chacon2017,,,
Achagua-45_horn-1-1,Achagua-45_horn-1,tʃa:laʃi,406,false,expert,Chacon2017,,,
Baniwa-45_horn-1-1,Baniwa-45_horn-1,-tsówa,404,false,expert,Chacon2017,,,
Kabiyari-45_horn-1-1,Kabiyari-45_horn-1,nuire,408,false,expert,Chacon2017,,,
Resigaro-45_horn-1-1,Resigaro-45_horn-1,-iijβií,408,false,expert,Chacon2017,,,
Yukuna-45_horn-1-1,Yukuna-45_horn-1,ri'iwawi,408,false,expert,Chacon2017,,,
Achagua-46_hot-1-1,Achagua-46_hot-1,amuai,416,false,expert,Chacon2017,,,
Baniwa-46_hot-1-1,Baniwa-46_hot-1,hámo,416,false,expert,Chacon2017,,,
Kabiyari-46_hot-1-1,Kabiyari-46_hot-1,muʔú,416,false,expert,Chacon2017,,,
Piapoco-46_hot-1-1,Piapoco-46_hot-1,ùulé:ɾi,413,false,expert,Chacon2017,,,
Resigaro-46_hot-1-1,Resigaro-46_hot-1,ha?mo?,416,false,expert,Chacon2017,,,
Yukuna-46_hot-1-1,Yukuna-46_hot-1,ima'aní,417,false,expert,Chacon2017,,,
Achagua-47_kill-1-1,Achagua-47_kill-1,i:nueri,426,false,expert,Chacon2017,,,
Baniwa-47_kill-1-1,Baniwa-47_kill-1,-íinoa,426,false,expert,Chacon2017,,,
Kabiyari-47_kill-1-1,Kabiyari-47_kill-1,nua,426,false,expert,Chacon2017,,,
Piapoco-47_kill-1-1,Piapoco-47_kill-1,étáidaka,422,false,expert,Chacon2017,,,
Piapoco-47_kill-2-1,Piapoco-47_kill-2,nuáka,426,false,expert,Chacon2017,,,
Resigaro-47_kill-1-1,Resigaro-47_kill-1,kainée-kʰú,423,false,expert,Chacon2017,,,
Resigaro-47_kill-2-1,Resigaro-47_kill-2,mótsʰó,428,false,expert,Chacon2017,,,
Yukuna-47_kill-1-1,Yukuna-47_kill-1,nókahe,426,false,expert,Chacon2017,,,
Achagua-48_knee-1-1,Achagua-48_knee-1,juruiʃi,435,false,expert,Chacon2017,,,
Baniwa-48_knee-1-1,Baniwa-48_knee-1,-hóorhi,435,false,expert,Chacon2017,,,
Kabiyari-48_knee-1-1,Kabiyari-48_knee-1,-urhu(na),435,false,expert,Chacon2017,,,
Kabiyari-48_knee-2-1,Kabiyari-48_knee-2,-huru,435,false,expert,Chacon2017,,,
Resigaro-48_knee-1-1,Resigaro-48_knee-1,-ho?dónaú,435,false,expert,Chacon2017,,,
Yukuna-48_knee-1-1,Yukuna-48_knee-1,ri'irúpachi,435,false,expert,Chacon2017,,,
Achagua-49_know-1-1,Achagua-49_know-1,e:weri,446,false,expert,Chacon2017,,,
Achagua-49_know-2-1,Achagua-49_know-2,jale:na:,443,false,expert,Chacon2017,,,
Baniwa-49_know-1-1,Baniwa-49_know-1,-áanhee,443,false,expert,Chacon2017,,,
Kabiyari-49_know-1-1,Kabiyari-49_know-1,aranhú,443,false,expert,Chacon2017,,,
Piapoco-49_know-1-1,Piapoco-49_know-1,alíakawa,444,false,expert,Chacon2017,,,
Resigaro-49_know-1-1,Resigaro-49_know-1,-manaá-tó?,443,false,expert,Chacon2017,,,
Yukuna-49_know-1-1,Yukuna-49_know-1,weʔepíkahe,446,false,expert,Chacon2017,,,
Achagua-50_leaf-1-1,Achagua-50_leaf-1,banabai,453,false,expert,Chacon2017,,,
Baniwa-50_leaf-1-1,Baniwa-50_leaf-1,panaphe,453,false,expert,Chacon2017,,,
Baniwa-50_leaf-2-1,Baniwa-50_leaf-2,-phe,453,false,expert,Chacon2017,,,
Kabiyari-50_leaf-1-1,Kabiyari-50_leaf-1,apana,453,false,expert,Chacon2017,,,
Piapoco-50_leaf-1-1,Piapoco-50_leaf-1,ibáiná,453,false,expert,Chacon2017,,,
Resigaro-50_leaf-1-1,Resigaro-50_leaf-1,apánáʔaamí,453,false,expert,Chacon2017,,,
Yukuna-50_leaf-1-1,Yukuna-50_leaf-1,wíchu'upe,456,false,expert,Chacon2017,,,
Warekena-50_leaf-1-1,Warekena-50_leaf-1,-phe,453,false,expert,Chacon2017,,,
Warekena-50_leaf-2-1,Warekena-50_leaf-2,apanaphe,453,false,expert,Chacon2017,,,
Achagua-51_lie-1-1,Achagua-51_lie-1,kuaniriu,463,false,expert,Chacon2017,,,
Baniwa-51_lie-1-1,Baniwa-51_lie-1,-kua,463,false,expert,Chacon2017,,,
Baniwa-51_lie-2-1,Baniwa-51_lie-2,-ɻhua,463,false,expert,Chacon2017,,,
Kabiyari-51_lie-1-1,Kabiyari-51_lie-1,-ku'apu,463,false,expert,Chacon2017,,,
Kabiyari-51_lie-2-1,Kabiyari-51_lie-2,-huapuku,463,false,expert,Chacon2017,,,
Resigaro-51_lie-1-1,Resigaro-51_lie-1,šoóné-ǰú,463,false,expert,Chacon2017,,,
Tariana-51_lie-1-1,Tariana-51_lie-1,swá,463,false,expert,Chacon2017,,,
Yukuna-51_lie-1-1,Yukuna-51_lie-1,to'okajo,465,false,expert,Chacon2017,,,
Achagua-52_liver-1-1,Achagua-52_liver-1,tʃa:liʃi,472,false,expert,Chacon2017,,,
Baniwa-52_liver-1-1,Baniwa-52_liver-1,-xópana,475,false,expert,Chacon2017,,,
Kabiyari-52_liver-1-1,Kabiyari-52_liver-1,úupana,475,false,expert,Chacon2017,,,
Piapoco-52_liver-1-1,Piapoco-52_liver-1,ubana,475,false,expert,Chacon2017,,,
Resigaro-52_liver-1-1,Resigaro-52_liver-1,-opáanú,475,false,expert,Chacon2017,,,
Yukuna-52_liver-1-1,Yukuna-52_liver-1,panaji,475,false,expert,Chacon2017,,,
Achagua-53_long-1-1,Achagua-53_long-1,matʃe:ni:,482,false,expert,Chacon2017,,,
Baniwa-53_long-1-1,Baniwa-53_long-1,yápi,484,false,expert,Chacon2017,,,
Kabiyari-53_long-1-1,Kabiyari-53_long-1,wia,486,false,expert,Chacon2017,,,
Piapoco-53_long-1-1,Piapoco-53_long-1,káaléeri,484,false,expert,Chacon2017,,,
Resigaro-53_long-1-1,Resigaro-53_long-1,tseinó?,482,false,expert,Chacon2017,,,
Yukuna-53_long-1-1,Yukuna-53_long-1,waphereni,484,false,expert,Chacon2017,,,
Achagua-54_louse-1-1,Achagua-54_louse-1,witeneʃi,488,false,expert,Chacon2017,,,
Baniwa-54_louse-1-1,Baniwa-54_louse-1,towída,488,false,expert,Chacon2017,,,
Kabiyari-54_louse-1-1,Kabiyari-54_louse-1,nií,488,false,expert,Chacon2017,,,
Piapoco-54_louse-1-1,Piapoco-54_louse-1,kùlibàu,491,false,expert,Chacon2017,,,
Resigaro-54_louse-1-1,Resigaro-54_louse-1,netetsʰíʔó,488,false,expert,Chacon2017,,,
Yukuna-54_louse-1-1,Yukuna-54_louse-1,rine,488,false,expert,Chacon2017,,,
Achagua-55_manadultmale-1-1,Achagua-55_manadultmale-1,waʃialikueri,501,false,expert,Chacon2017,,,
Baniwa-55_manadultmale-1-1,Baniwa-55_manadultmale-1,atsíanli,501,false,expert,Chacon2017,,,
Baniwa-55_manadultmale-2-1,Baniwa-55_manadultmale-2,newíki,505,false,expert,Chacon2017,,,
Kabiyari-55_manadultmale-1-1,Kabiyari-55_manadultmale-1,t̪ijá-ri,501,false,expert,Chacon2017,,,
Resigaro-55_manadultmale-1-1,Resigaro-55_manadultmale-1,atsáagí,501,false,expert,Chacon2017,,,
Yukuna-55_manadultmale-1-1,Yukuna-55_manadultmale-1,atʃiɲá,501,false,expert,Chacon2017,,,
Achagua-56_many-1-1,Achagua-56_many-1,bahiala,506,false,expert,Chacon2017,,,
Baniwa-56_many-1-1,Baniwa-56_many-1,hanípa,507,false,expert,Chacon2017,,,
Baniwa-56_many-2-1,Baniwa-56_many-2,hóre,513,false,expert,Chacon2017,,,
Baniwa-56_many-3-1,Baniwa-56_many-3,manópe,507,false,expert,Chacon2017,,,
Kabiyari-56_many-1-1,Kabiyari-56_many-1,muura,509,false,expert,Chacon2017,,,
Piapoco-56_many-1-1,Piapoco-56_many-1,kána(na)ma,510,false,expert,Chacon2017,,,
Piapoco-56_many-2-1,Piapoco-56_many-2,manuba,507,false,expert,Chacon2017,,,
Piapoco-56_many-3-1,Piapoco-56_many-3,maini,520,false,expert,Chacon2017,,,
Resigaro-56_many-1-1,Resigaro-56_many-1,an̥epúúʔ,507,false,expert,Chacon2017,,,
Yukuna-56_many-1-1,Yukuna-56_many-1,cha'aphá,514,false,expert,Chacon2017,,,
Achagua-57_moon-1-1,Achagua-57_moon-1,ke:ri,521,false,expert,Chacon2017,,,
Baniwa-57_moon-1-1,Baniwa-57_moon-1,kéeri,521,false,expert,Chacon2017,,,
Kabiyari-57_moon-1-1,Kabiyari-57_moon-1,kéeri,521,false,expert,Chacon2017,,,
Piapoco-57_moon-1-1,Piapoco-57_moon-1,ké:ɾi,521,false,expert,Chacon2017,,,
Resigaro-57_moon-1-1,Resigaro-57_moon-1,keégí,521,false,expert,Chacon2017,,,
Yukuna-57_moon-1-1,Yukuna-57_moon-1,keɾi,521,false,expert,Chacon2017,,,
Achagua-58_mountain-1-1,Achagua-58_mountain-1,dúuli,536,false,expert,Chacon2017,,,
Baniwa-58_mountain-1-1,Baniwa-58_mountain-1,hidzápa,13,false,expert,Chacon2017,,,
Baniwa-58_mountain-2-1,Baniwa-58_mountain-2,híipana,537,false,expert,Chacon2017,,,
Kabiyari-58_mountain-1-1,Kabiyari-58_mountain-1,marena,531,false,expert,Chacon2017,,,
Kabiyari-58_mountain-2-1,Kabiyari-58_mountain-2,takari,538,false,expert,Chacon2017,,,
Piapoco-58_mountain-1-1,Piapoco-58_mountain-1,dúli,536,false,expert,Chacon2017,,,
Resigaro-58_mountain-1-1,Resigaro-58_mountain-1,tégahú,13,false,expert,Chacon2017,,,
Tariana-58_mountain-1-1,Tariana-58_mountain-1,maka-pulikúda,534,false,expert,Chacon2017,,,
Yukuna-58_mountain-1-1,Yukuna-58_mountain-1,jenuɾi,536,false,expert,Chacon2017,,,
Warekena-58_mountain-1-1,Warekena-58_mountain-1,hidápa,13,false,expert,Chacon2017,,,
Achagua-59_mouth-1-1,Achagua-59_mouth-1,numaʃi,546,false,expert,Chacon2017,,,
Baniwa-59_mouth-1-1,Baniwa-59_mouth-1,-nóma,546,false,expert,Chacon2017,,,
Kabiyari-59_mouth-1-1,Kabiyari-59_mouth-1,numa,546,false,expert,Chacon2017,,,
Piapoco-59_mouth-1-1,Piapoco-59_mouth-1,nùma,546,false,expert,Chacon2017,,,
Resigaro-59_mouth-1-1,Resigaro-59_mouth-1,nó,546,false,expert,Chacon2017,,,
Yukuna-59_mouth-1-1,Yukuna-59_mouth-1,numahi,546,false,expert,Chacon2017,,,
Achagua-60_name-1-1,Achagua-60_name-1,hiʔinaʃi,547,false,expert,Chacon2017,,,
Baniwa-60_name-1-1,Baniwa-60_name-1,-iipítana,554,false,expert,Chacon2017,,,
Kabiyari-60_name-1-1,Kabiyari-60_name-1,íí,554,false,expert,Chacon2017,,,
Piapoco-60_name-1-1,Piapoco-60_name-1,ípidená,554,false,expert,Chacon2017,,,
Resigaro-60_name-1-1,Resigaro-60_name-1,iivú,554,false,expert,Chacon2017,,,
Yukuna-60_name-1-1,Yukuna-60_name-1,iíhi,554,false,expert,Chacon2017,,,
Achagua-61_neck-1-1,Achagua-61_neck-1,wa:ʃi,555,false,expert,Chacon2017,,,
Baniwa-61_neck-1-1,Baniwa-61_neck-1,-nóoro,560,false,expert,Chacon2017,,,
Kabiyari-61_neck-1-1,Kabiyari-61_neck-1,kanhapi,558,false,expert,Chacon2017,,,
Piapoco-61_neck-1-1,Piapoco-61_neck-1,kanápi,558,false,expert,Chacon2017,,,
Resigaro-61_neck-1-1,Resigaro-61_neck-1,-iñočhí,560,false,expert,Chacon2017,,,
Yukuna-61_neck-1-1,Yukuna-61_neck-1,núrupihi,560,false,expert,Chacon2017,,,
Achagua-62_new-1-1,Achagua-62_new-1,wa:li:,572,false,expert,Chacon2017,,,
Baniwa-62_new-1-1,Baniwa-62_new-1,éemi,565,false,expert,Chacon2017,,,
Baniwa-62_new-2-1,Baniwa-62_new-2,wali-,572,false,expert,Chacon2017,,,
Baniwa-62_new-3-1,Baniwa-62_new-3,yapiápali,571,false,expert,Chacon2017,,,
Kabiyari-62_new-1-1,Kabiyari-62_new-1,wárit̪é,572,false,expert,Chacon2017,,,
Piapoco-62_new-1-1,Piapoco-62_new-1,wàlisàiri,572,false,expert,Chacon2017,,,
Resigaro-62_new-1-1,Resigaro-62_new-1,be?é,569,false,expert,Chacon2017,,,
Yukuna-62_new-1-1,Yukuna-62_new-1,wahé,572,false,expert,Chacon2017,,,
Achagua-63_night-1-1,Achagua-63_night-1,ta:je,584,false,expert,Chacon2017,,,
Baniwa-63_night-1-1,Baniwa-63_night-1,déepi,584,false,expert,Chacon2017,,,
Kabiyari-63_night-1-1,Kabiyari-63_night-1,néápi,584,false,expert,Chacon2017,,,
Piapoco-63_night-1-1,Piapoco-63_night-1,katá,580,false,expert,Chacon2017,,,
Resigaro-63_night-1-1,Resigaro-63_night-1,naapí,584,false,expert,Chacon2017,,,
Yukuna-63_night-1-1,Yukuna-63_night-1,lapí,584,false,expert,Chacon2017,,,
Achagua-64_nose-1-1,Achagua-64_nose-1,dakuʃi,591,false,expert,Chacon2017,,,
Baniwa-64_nose-1-1,Baniwa-64_nose-1,-hitáko,591,false,expert,Chacon2017,,,
Kabiyari-64_nose-1-1,Kabiyari-64_nose-1,hitákú,591,false,expert,Chacon2017,,,
Piapoco-64_nose-1-1,Piapoco-64_nose-1,ídaku,591,false,expert,Chacon2017,,,
Resigaro-64_nose-1-1,Resigaro-64_nose-1,-hitákó,591,false,expert,Chacon2017,,,
Yukuna-64_nose-1-1,Yukuna-64_nose-1,takuhi,591,false,expert,Chacon2017,,,
Achagua-65_not-1-1,Achagua-65_not-1,ma-,593,false,expert,Chacon2017,,,
Achagua-65_not-2-1,Achagua-65_not-2,hookai,601,false,expert,Chacon2017,,,
Baniwa-65_not-1-1,Baniwa-65_not-1,ma-,593,false,expert,Chacon2017,,,
Baniwa-65_not-2-1,Baniwa-65_not-2,ñáme,597,false,expert,Chacon2017,,,
Kabiyari-65_not-1-1,Kabiyari-65_not-1,uka,601,false,expert,Chacon2017,,,
Piapoco-65_not-1-1,Piapoco-65_not-1,kàmita,597,false,expert,Chacon2017,,,
Resigaro-65_not-1-1,Resigaro-65_not-1,nii,598,false,expert,Chacon2017,,,
Resigaro-65_not-2-1,Resigaro-65_not-2,ma-,593,false,expert,Chacon2017,,,
Tariana-65_not-1-1,Tariana-65_not-1,ma-,593,false,expert,Chacon2017,,,
Yukuna-65_not-1-1,Yukuna-65_not-1,unká,601,false,expert,Chacon2017,,,
Warekena-65_not-1-1,Warekena-65_not-1,ma-,593,false,expert,Chacon2017,,,
Warekena-65_not-2-1,Warekena-65_not-2,nalé,598,false,expert,Chacon2017,,,
Achagua-66_one-1-1,Achagua-66_one-1,a:bai,613,false,expert,Chacon2017,,,
Baniwa-66_one-1-1,Baniwa-66_one-1,a(a)pa-,613,false,expert,Chacon2017,,,
Kabiyari-66_one-1-1,Kabiyari-66_one-1,pa[pu],613,false,expert,Chacon2017,,,
Piapoco-66_one-1-1,Piapoco-66_one-1,ab[ì-],613,false,expert,Chacon2017,,,
Piapoco-66_one-2-1,Piapoco-66_one-2,abe,613,false,expert,Chacon2017,,,
Resigaro-66_one-1-1,Resigaro-66_one-1,pa[topʰe],613,false,expert,Chacon2017,,,
Resigaro-66_one-2-1,Resigaro-66_one-2,sagú,616,false,expert,Chacon2017,,,
Yukuna-66_one-1-1,Yukuna-66_one-1,pa(hluwáha),613,false,expert,Chacon2017,,,
Achagua-67_path-1-1,Achagua-67_path-1,inihiba:,618,false,expert,Chacon2017,,,
Baniwa-67_path-1-1,Baniwa-67_path-1,inípo,618,false,expert,Chacon2017,,,
Baniwa-67_path-2-1,Baniwa-67_path-2,-aapówa,14,false,expert,Chacon2017,,,
Baniwa-67_path-3-1,Baniwa-67_path-3,-aapowánaa,14,false,expert,Chacon2017,,,
Kabiyari-67_path-1-1,Kabiyari-67_path-1,apú-há,14,false,expert,Chacon2017,,,
Kabiyari-67_path-2-1,Kabiyari-67_path-2,jóopu,14,false,expert,Chacon2017,,,
Kabiyari-67_path-3-1,Kabiyari-67_path-3,ajápú,14,false,expert,Chacon2017,,,
Piapoco-67_path-1-1,Piapoco-67_path-1,àjapu,14,false,expert,Chacon2017,,,
Resigaro-67_path-1-1,Resigaro-67_path-1,adʒápó,14,false,expert,Chacon2017,,,
Resigaro-67_path-2-1,Resigaro-67_path-2,éhuúhí,14,false,expert,Chacon2017,,,
Yukuna-67_path-1-1,Yukuna-67_path-1,iñe'epú,618,false,expert,Chacon2017,,,
Achagua-68_person-1-1,Achagua-68_person-1,wenàiwika,635,false,expert,Chacon2017,,,
Baniwa-68_person-1-1,Baniwa-68_person-1,newíki,635,false,expert,Chacon2017,,,
Kabiyari-68_person-1-1,Kabiyari-68_person-1,néki-ɾi,635,false,expert,Chacon2017,,,
Piapoco-68_person-1-1,Piapoco-68_person-1,wenàiwika,635,false,expert,Chacon2017,,,
Resigaro-68_person-1-1,Resigaro-68_person-1,ináaviʔʒaánigí,635,false,expert,Chacon2017,,,
Yukuna-68_person-1-1,Yukuna-68_person-1,ina'uké,635,false,expert,Chacon2017,,,
Achagua-69_rain-1-1,Achagua-69_rain-1,júweriu,637,false,expert,Chacon2017,,,
Baniwa-69_rain-1-1,Baniwa-69_rain-1,íidza,643,false,expert,Chacon2017,,,
Kabiyari-69_rain-1-1,Kabiyari-69_rain-1,peʔekhe,640,false,expert,Chacon2017,,,
Kabiyari-69_rain-2-1,Kabiyari-69_rain-2,pehe,640,false,expert,Chacon2017,,,
Piapoco-69_rain-1-1,Piapoco-69_rain-1,unía,644,false,expert,Chacon2017,,,
Resigaro-69_rain-1-1,Resigaro-69_rain-1,fá?voótsí,642,false,expert,Chacon2017,,,
Yukuna-69_rain-1-1,Yukuna-69_rain-1,huni,644,false,expert,Chacon2017,,,
Achagua-70_red-1-1,Achagua-70_red-1,kírai,653,false,expert,Chacon2017,,,
Baniwa-70_red-1-1,Baniwa-70_red-1,iirai,653,false,expert,Chacon2017,,,
Baniwa-70_red-2-1,Baniwa-70_red-2,kéerama,653,false,expert,Chacon2017,,,
Kabiyari-70_red-1-1,Kabiyari-70_red-1,kíira,653,false,expert,Chacon2017,,,
Piapoco-70_red-1-1,Piapoco-70_red-1,kí:ɾaka,653,false,expert,Chacon2017,,,
Resigaro-70_red-1-1,Resigaro-70_red-1,kedávií́ʔ,653,false,expert,Chacon2017,,,
Yukuna-70_red-1-1,Yukuna-70_red-1,keɾani,653,false,expert,Chacon2017,,,
Achagua-71_root-1-1,Achagua-71_root-1,híitʃuʃi,663,false,expert,Chacon2017,,,
Baniwa-71_root-1-1,Baniwa-71_root-1,-pali,661,false,expert,Chacon2017,,,
Kabiyari-71_root-1-1,Kabiyari-71_root-1,apáre,661,false,expert,Chacon2017,,,
Piapoco-71_root-1-1,Piapoco-71_root-1,ipìtʃu,661,false,expert,Chacon2017,,,
Resigaro-71_root-1-1,Resigaro-71_root-1,tébaké,661,false,expert,Chacon2017,,,
Yukuna-71_root-1-1,Yukuna-71_root-1,hiʔilahi,663,false,expert,Chacon2017,,,
Warekena-71_root-1-1,Warekena-71_root-1,-ili,663,false,expert,Chacon2017,,,
Achagua-72_round-1-1,Achagua-72_round-1,maka,668,false,expert,Chacon2017,,,
Baniwa-72_round-1-1,Baniwa-72_round-1,madzakánhu,668,false,expert,Chacon2017,,,
Kabiyari-72_round-1-1,Kabiyari-72_round-1,paβuudú,667,false,expert,Chacon2017,,,
Resigaro-72_round-1-1,Resigaro-72_round-1,pavuudu,667,false,expert,Chacon2017,,,
Achagua-73_sand-1-1,Achagua-73_sand-1,káina,680,false,expert,Chacon2017,,,
Baniwa-73_sand-1-1,Baniwa-73_sand-1,káida,680,false,expert,Chacon2017,,,
Kabiyari-73_sand-1-1,Kabiyari-73_sand-1,káʔa,680,false,expert,Chacon2017,,,
Piapoco-73_sand-1-1,Piapoco-73_sand-1,kai[na],680,false,expert,Chacon2017,,,
Resigaro-73_sand-1-1,Resigaro-73_sand-1,meníigí,677,false,expert,Chacon2017,,,
Yukuna-73_sand-1-1,Yukuna-73_sand-1,keʔ-pé,680,false,expert,Chacon2017,,,
Achagua-74_say-1-1,Achagua-74_say-1,máiri,689,false,expert,Chacon2017,,,
Baniwa-74_say-1-1,Baniwa-74_say-1,-kaíte,690,false,expert,Chacon2017,,,
Kabiyari-74_say-1-1,Kabiyari-74_say-1,íma,689,false,expert,Chacon2017,,,
Piapoco-74_say-1-1,Piapoco-74_say-1,íma,689,false,expert,Chacon2017,,,
Resigaro-74_say-1-1,Resigaro-74_say-1,-kemú,686,false,expert,Chacon2017,,,
Yukuna-74_say-1-1,Yukuna-74_say-1,mí-,689,false,expert,Chacon2017,,,
Warekena-74_say-1-1,Warekena-74_say-1,-máka,688,false,expert,Chacon2017,,,
Warekena-74_say-2-1,Warekena-74_say-2,-kasaléta,690,false,expert,Chacon2017,,,
Achagua-75_see-1-1,Achagua-75_see-1,káberi,695,false,expert,Chacon2017,,,
Baniwa-75_see-1-1,Baniwa-75_see-1,-kápa,695,false,expert,Chacon2017,,,
Kabiyari-75_see-1-1,Kabiyari-75_see-1,ikhá,695,false,expert,Chacon2017,,,
Piapoco-75_see-1-1,Piapoco-75_see-1,ikáka,695,false,expert,Chacon2017,,,
Resigaro-75_see-1-1,Resigaro-75_see-1,-tshení,696,false,expert,Chacon2017,,,
Yukuna-75_see-1-1,Yukuna-75_see-1,amákahe,699,false,expert,Chacon2017,,,
Achagua-76_seed-1-1,Achagua-76_seed-1,íimiʃi,705,false,expert,Chacon2017,,,
Baniwa-76_seed-1-1,Baniwa-76_seed-1,-éekhe,701,false,expert,Chacon2017,,,
Kabiyari-76_seed-1-1,Kabiyari-76_seed-1,(ka ka)kitjihe,707,false,expert,Chacon2017,,,
Resigaro-76_seed-1-1,Resigaro-76_seed-1,hímiú,705,false,expert,Chacon2017,,,
Yukuna-76_seed-1-1,Yukuna-76_seed-1,ijiji,707,false,expert,Chacon2017,,,
Warekena-76_seed-1-1,Warekena-76_seed-1,-ihina,707,false,expert,Chacon2017,,,
Achagua-77_sit-1-1,Achagua-77_sit-1,wáairiu,710,false,expert,Chacon2017,,,
Baniwa-77_sit-1-1,Baniwa-77_sit-1,-oówhaa,710,false,expert,Chacon2017,,,
Kabiyari-77_sit-1-1,Kabiyari-77_sit-1,tu(')na,714,false,expert,Chacon2017,,,
Piapoco-77_sit-1-1,Piapoco-77_sit-1,awinakawa,710,false,expert,Chacon2017,,,
Resigaro-77_sit-1-1,Resigaro-77_sit-1,ítsʰú,714,false,expert,Chacon2017,,,
Resigaro-77_sit-2-1,Resigaro-77_sit-2,iʔtsʰáká,714,false,expert,Chacon2017,,,
Yukuna-77_sit-1-1,Yukuna-77_sit-1,jáʔakaho,718,false,expert,Chacon2017,,,
Yukuna-77_sit-2-1,Yukuna-77_sit-2,yá'akaje,718,false,expert,Chacon2017,,,
Achagua-78_skin-1-1,Achagua-78_skin-1,íimanaʃi,728,false,expert,Chacon2017,,,
Baniwa-78_skin-1-1,Baniwa-78_skin-1,-ya,725,false,expert,Chacon2017,,,
Kabiyari-78_skin-1-1,Kabiyari-78_skin-1,íʔa-mi,728,false,expert,Chacon2017,,,
Piapoco-78_skin-1-1,Piapoco-78_skin-1,ímami,728,false,expert,Chacon2017,,,
Resigaro-78_skin-1-1,Resigaro-78_skin-1,eémú,728,false,expert,Chacon2017,,,
Yukuna-78_skin-1-1,Yukuna-78_skin-1,ímahi,728,false,expert,Chacon2017,,,
Achagua-79_sleep-1-1,Achagua-79_sleep-1,máairi,738,false,expert,Chacon2017,,,
Baniwa-79_sleep-1-1,Baniwa-79_sleep-1,-ímaa,738,false,expert,Chacon2017,,,
Kabiyari-79_sleep-1-1,Kabiyari-79_sleep-1,imáa,738,false,expert,Chacon2017,,,
Piapoco-79_sleep-1-1,Piapoco-79_sleep-1,imáka,738,false,expert,Chacon2017,,,
Resigaro-79_sleep-1-1,Resigaro-79_sleep-1,ímú,738,false,expert,Chacon2017,,,
Yukuna-79_sleep-1-1,Yukuna-79_sleep-1,kamátakaho,738,false,expert,Chacon2017,,,
Achagua-80_small-1-1,Achagua-80_small-1,pi:tuitu:,746,false,expert,Chacon2017,,,
Baniwa-80_small-1-1,Baniwa-80_small-1,tsúu,746,false,expert,Chacon2017,,,
Kabiyari-80_small-1-1,Kabiyari-80_small-1,karitʃhũĩ,746,false,expert,Chacon2017,,,
Piapoco-80_small-1-1,Piapoco-80_small-1,atʃúmé:ɾi,746,false,expert,Chacon2017,,,
Resigaro-80_small-1-1,Resigaro-80_small-1,karitʃhũĩ,746,false,expert,Chacon2017,,,
Yukuna-80_small-1-1,Yukuna-80_small-1,kamu'ujini,747,false,expert,Chacon2017,,,
Achagua-81_smoke-1-1,Achagua-81_smoke-1,íisaninaa,755,false,expert,Chacon2017,,,
Baniwa-81_smoke-1-1,Baniwa-81_smoke-1,íitta,755,false,expert,Chacon2017,,,
Kabiyari-81_smoke-1-1,Kabiyari-81_smoke-1,ít̪a-ri,755,false,expert,Chacon2017,,,
Resigaro-81_smoke-1-1,Resigaro-81_smoke-1,iítsʰú,755,false,expert,Chacon2017,,,
Yukuna-81_smoke-1-1,Yukuna-81_smoke-1,iha,755,false,expert,Chacon2017,,,
Achagua-82_stand-1-1,Achagua-82_stand-1,barueriu,762,false,expert,Chacon2017,,,
Baniwa-82_stand-1-1,Baniwa-82_stand-1,-éema,759,false,expert,Chacon2017,,,
Kabiyari-82_stand-1-1,Kabiyari-82_stand-1,patʃha,761,false,expert,Chacon2017,,,
Piapoco-82_stand-1-1,Piapoco-82_stand-1,bàlùanícawa,762,false,expert,Chacon2017,,,
Resigaro-82_stand-1-1,Resigaro-82_stand-1,-i?tóṇú,763,false,expert,Chacon2017,,,
Yukuna-82_stand-1-1,Yukuna-82_stand-1,tára'akajo,767,false,expert,Chacon2017,,,
Achagua-83_star-1-1,Achagua-83_star-1,sáalii,16,false,expert,Chacon2017,,,
Baniwa-83_star-1-1,Baniwa-83_star-1,hiwírhi,775,false,expert,Chacon2017,,,
Kabiyari-83_star-1-1,Kabiyari-83_star-1,wirínhu,775,false,expert,Chacon2017,,,
Piapoco-83_star-1-1,Piapoco-83_star-1,dùlupùta,772,false,expert,Chacon2017,,,
Resigaro-83_star-1-1,Resigaro-83_star-1,hivíigí,775,false,expert,Chacon2017,,,
Yukuna-83_star-1-1,Yukuna-83_star-1,iwihɾí,775,false,expert,Chacon2017,,,
Achagua-84_stone-1-1,Achagua-84_stone-1,íiba,777,false,expert,Chacon2017,,,
Baniwa-84_stone-1-1,Baniwa-84_stone-1,hiipada,777,false,expert,Chacon2017,,,
Kabiyari-84_stone-1-1,Kabiyari-84_stone-1,híipa,777,false,expert,Chacon2017,,,
Piapoco-84_stone-1-1,Piapoco-84_stone-1,íba,777,false,expert,Chacon2017,,,
Resigaro-84_stone-1-1,Resigaro-84_stone-1,vííši?óú,782,false,expert,Chacon2017,,,
Yukuna-84_stone-1-1,Yukuna-84_stone-1,hipa,777,false,expert,Chacon2017,,,
Achagua-85_sun-1-1,Achagua-85_sun-1,káiwia,788,false,expert,Chacon2017,,,
Baniwa-85_sun-1-1,Baniwa-85_sun-1,kámoi,784,false,expert,Chacon2017,,,
Kabiyari-85_sun-1-1,Kabiyari-85_sun-1,abe,786,false,expert,Chacon2017,,,
Kabiyari-85_sun-2-1,Kabiyari-85_sun-2,eri,789,false,expert,Chacon2017,,,
Piapoco-85_sun-1-1,Piapoco-85_sun-1,èeri,789,false,expert,Chacon2017,,,
Resigaro-85_sun-1-1,Resigaro-85_sun-1,háʔí,788,false,expert,Chacon2017,,,
Yukuna-85_sun-1-1,Yukuna-85_sun-1,kamú,784,false,expert,Chacon2017,,,
Achagua-86_swim-1-1,Achagua-86_swim-1,jámareriu,795,false,expert,Chacon2017,,,
Baniwa-86_swim-1-1,Baniwa-86_swim-1,-aaxaa,799,false,expert,Chacon2017,,,
Baniwa-86_swim-2-1,Baniwa-86_swim-2,-aanhi,798,false,expert,Chacon2017,,,
Kabiyari-86_swim-1-1,Kabiyari-86_swim-1,awápa,799,false,expert,Chacon2017,,,
Piapoco-86_swim-1-1,Piapoco-86_swim-1,màlakawa,795,false,expert,Chacon2017,,,
Resigaro-86_swim-1-1,Resigaro-86_swim-1,oʔvápú,799,false,expert,Chacon2017,,,
Yukuna-86_swim-1-1,Yukuna-86_swim-1,iʔiwapakahe,799,false,expert,Chacon2017,,,
Achagua-87_tail-1-1,Achagua-87_tail-1,íiʃiʃi,809,false,expert,Chacon2017,,,
Baniwa-87_tail-1-1,Baniwa-87_tail-1,-iittípi,809,false,expert,Chacon2017,,,
Kabiyari-87_tail-1-1,Kabiyari-87_tail-1,t̪ipi,809,false,expert,Chacon2017,,,
Kabiyari-87_tail-2-1,Kabiyari-87_tail-2,muuku,811,false,expert,Chacon2017,,,
Piapoco-87_tail-1-1,Piapoco-87_tail-1,jàapusài,806,false,expert,Chacon2017,,,
Resigaro-87_tail-1-1,Resigaro-87_tail-1,tsʰíipí,809,false,expert,Chacon2017,,,
Tariana-87_tail-1-1,Tariana-87_tail-1,di-tʃíma,809,false,expert,Chacon2017,,,
Tariana-87_tail-2-1,Tariana-87_tail-2,di-sipí,809,false,expert,Chacon2017,,,
Yukuna-87_tail-1-1,Yukuna-87_tail-1,hipihi,809,false,expert,Chacon2017,,,
Achagua-88_that-1-1,Achagua-88_that-1,liára,826,false,expert,Chacon2017,,,
Achagua-88_that-2-1,Achagua-88_that-2,ruára,826,false,expert,Chacon2017,,,
Baniwa-88_that-1-1,Baniwa-88_that-1,lhiera(ha),826,false,expert,Chacon2017,,,
Kabiyari-88_that-1-1,Kabiyari-88_that-1,ja-ta,826,false,expert,Chacon2017,,,
Kabiyari-88_that-2-1,Kabiyari-88_that-2,ja-ra,826,false,expert,Chacon2017,,,
Piapoco-88_that-1-1,Piapoco-88_that-1,já:ɾa,826,false,expert,Chacon2017,,,
Resigaro-88_that-1-1,Resigaro-88_that-1,aí,20,false,expert,Chacon2017,,,
Yukuna-88_that-1-1,Yukuna-88_that-1,maɾí,820,false,expert,Chacon2017,,,
Warekena-88_that-1-1,Warekena-88_that-1,-la,826,false,expert,Chacon2017,,,
Warekena-88_that-2-1,Warekena-88_that-2,-di,831,false,expert,Chacon2017,,,
Warekena-88_that-3-1,Warekena-88_that-3,-ni,831,false,expert,Chacon2017,,,
Achagua-89_this-1-1,Achagua-89_this-1,liáni,826,false,expert,Chacon2017,,,
Achagua-89_this-2-1,Achagua-89_this-2,ruani,835,false,expert,Chacon2017,,,
Achagua-89_this-3-1,Achagua-89_this-3,náani,837,false,expert,Chacon2017,,,
Baniwa-89_this-1-1,Baniwa-89_this-1,Ihíehe,826,false,expert,Chacon2017,,,
Kabiyari-89_this-1-1,Kabiyari-89_this-1,do?ó,835,false,expert,Chacon2017,,,
Piapoco-89_this-1-1,Piapoco-89_this-1,jái,20,false,expert,Chacon2017,,,
Piapoco-89_this-2-1,Piapoco-89_this-2,úái,835,false,expert,Chacon2017,,,
Resigaro-89_this-1-1,Resigaro-89_this-1,gi?í,831,false,expert,Chacon2017,,,
Resigaro-89_this-2-1,Resigaro-89_this-2,doʔó,835,false,expert,Chacon2017,,,
Tariana-89_this-1-1,Tariana-89_this-1,hĩ,831,false,expert,Chacon2017,,,
Yukuna-89_this-1-1,Yukuna-89_this-1,kele,831,false,expert,Chacon2017,,,
Warekena-89_this-1-1,Warekena-89_this-1,-ti,831,false,expert,Chacon2017,,,
Achagua-90_thouyou-1-1,Achagua-90_thouyou-1,ijá,844,false,expert,Chacon2017,,,
Baniwa-90_thouyou-1-1,Baniwa-90_thouyou-1,hía,21,false,expert,Chacon2017,,,
Baniwa-90_thouyou-2-1,Baniwa-90_thouyou-2,você,847,false,expert,Chacon2017,,,
Kabiyari-90_thouyou-1-1,Kabiyari-90_thouyou-1,phé,21,false,expert,Chacon2017,,,
Kabiyari-90_thouyou-2-1,Kabiyari-90_thouyou-2,pi-,21,false,expert,Chacon2017,,,
Piapoco-90_thouyou-1-1,Piapoco-90_thouyou-1,pía,21,false,expert,Chacon2017,,,
Resigaro-90_thouyou-1-1,Resigaro-90_thouyou-1,haʔá,843,false,expert,Chacon2017,,,
Resigaro-90_thouyou-2-1,Resigaro-90_thouyou-2,pʰá,21,false,expert,Chacon2017,,,
Resigaro-90_thouyou-3-1,Resigaro-90_thouyou-3,pʰú,21,false,expert,Chacon2017,,,
Tariana-90_thouyou-1-1,Tariana-90_thouyou-1,piha,21,false,expert,Chacon2017,,,
Tariana-90_thouyou-2-1,Tariana-90_thouyou-2,pʰia,21,false,expert,Chacon2017,,,
Tariana-90_thouyou-3-1,Tariana-90_thouyou-3,iha,844,false,expert,Chacon2017,,,
Yukuna-90_thouyou-1-1,Yukuna-90_thouyou-1,iká,844,false,expert,Chacon2017,,,
Yukuna-90_thouyou-2-1,Yukuna-90_thouyou-2,piká,21,false,expert,Chacon2017,,,
Achagua-91_tongue-1-1,Achagua-91_tongue-1,ínaneeʃi,857,false,expert,Chacon2017,,,
Baniwa-91_tongue-1-1,Baniwa-91_tongue-1,-eenene,857,false,expert,Chacon2017,,,
Kabiyari-91_tongue-1-1,Kabiyari-91_tongue-1,nenipá,857,false,expert,Chacon2017,,,
Piapoco-91_tongue-1-1,Piapoco-91_tongue-1,nène,857,false,expert,Chacon2017,,,
Resigaro-91_tongue-1-1,Resigaro-91_tongue-1,eʔhéepé,854,false,expert,Chacon2017,,,
Yukuna-91_tongue-1-1,Yukuna-91_tongue-1,lenahi,857,false,expert,Chacon2017,,,
Achagua-92_tooth-1-1,Achagua-92_tooth-1,éeʃi,862,false,expert,Chacon2017,,,
Baniwa-92_tooth-1-1,Baniwa-92_tooth-1,-eetsha,862,false,expert,Chacon2017,,,
Baniwa-92_tooth-2-1,Baniwa-92_tooth-2,-dzawiere,868,false,expert,Chacon2017,,,
Baniwa-92_tooth-3-1,Baniwa-92_tooth-3,-ee,862,false,expert,Chacon2017,,,
Baniwa-92_tooth-4-1,Baniwa-92_tooth-4,-kako,871,false,expert,Chacon2017,,,
Baniwa-92_tooth-5-1,Baniwa-92_tooth-5,-likoe,872,false,expert,Chacon2017,,,
Kabiyari-92_tooth-1-1,Kabiyari-92_tooth-1,ʔía,862,false,expert,Chacon2017,,,
Piapoco-92_tooth-1-1,Piapoco-92_tooth-1,jèi,862,false,expert,Chacon2017,,,
Resigaro-92_tooth-1-1,Resigaro-92_tooth-1,oné,864,false,expert,Chacon2017,,,
Yukuna-92_tooth-1-1,Yukuna-92_tooth-1,aihí,22,false,expert,Chacon2017,,,
Achagua-93_treewood-1-1,Achagua-93_treewood-1,áikuba,879,false,expert,Chacon2017,,,
Baniwa-93_treewood-1-1,Baniwa-93_treewood-1,haiko,879,false,expert,Chacon2017,,,
Kabiyari-93_treewood-1-1,Kabiyari-93_treewood-1,ʔahaa,881,false,expert,Chacon2017,,,
Piapoco-93_treewood-1-1,Piapoco-93_treewood-1,jéetaná,877,false,expert,Chacon2017,,,
Piapoco-93_treewood-2-1,Piapoco-93_treewood-2,àiku,879,false,expert,Chacon2017,,,
Resigaro-93_treewood-1-1,Resigaro-93_treewood-1,aváanaʔé,881,false,expert,Chacon2017,,,
Yukuna-93_treewood-1-1,Yukuna-93_treewood-1,aʔawaná,881,false,expert,Chacon2017,,,
Achagua-94_two-1-1,Achagua-94_two-1,tʃámai,887,false,expert,Chacon2017,,,
Baniwa-94_two-1-1,Baniwa-94_two-1,dzama-,887,false,expert,Chacon2017,,,
Kabiyari-94_two-1-1,Kabiyari-94_two-1,tʃumaa-,887,false,expert,Chacon2017,,,
Piapoco-94_two-1-1,Piapoco-94_two-1,putʃáiba,889,false,expert,Chacon2017,,,
Resigaro-94_two-1-1,Resigaro-94_two-1,migaakú,890,false,expert,Chacon2017,,,
Yukuna-94_two-1-1,Yukuna-94_two-1,ijamá,887,false,expert,Chacon2017,,,
Warekena-94_two-1-1,Warekena-94_two-1,dama-,887,false,expert,Chacon2017,,,
Achagua-95_walk-1-1,Achagua-95_walk-1,híneriu,894,false,expert,Chacon2017,,,
Baniwa-95_walk-1-1,Baniwa-95_walk-1,-áanhi,901,false,expert,Chacon2017,,,
Baniwa-95_walk-2-1,Baniwa-95_walk-2,-eemánhi,900,false,expert,Chacon2017,,,
Kabiyari-95_walk-1-1,Kabiyari-95_walk-1,aa,901,false,expert,Chacon2017,,,
Piapoco-95_walk-1-1,Piapoco-95_walk-1,nuèpuníkawa,898,false,expert,Chacon2017,,,
Resigaro-95_walk-1-1,Resigaro-95_walk-1,-hí?vu,899,false,expert,Chacon2017,,,
Yukuna-95_walk-1-1,Yukuna-95_walk-1,ja'apákaje,901,false,expert,Chacon2017,,,
Achagua-96_water-1-1,Achagua-96_water-1,ʃiátai,909,false,expert,Chacon2017,,,
Baniwa-96_water-1-1,Baniwa-96_water-1,óoni,910,false,expert,Chacon2017,,,
Kabiyari-96_water-1-1,Kabiyari-96_water-1,úuni,910,false,expert,Chacon2017,,,
Piapoco-96_water-1-1,Piapoco-96_water-1,ú(u)ni,910,false,expert,Chacon2017,,,
Resigaro-96_water-1-1,Resigaro-96_water-1,hooní,910,false,expert,Chacon2017,,,
Yukuna-96_water-1-1,Yukuna-96_water-1,húni,910,false,expert,Chacon2017,,,
Achagua-97_we-1-1,Achagua-97_we-1,wajá,911,false,expert,Chacon2017,,,
Baniwa-97_we-1-1,Baniwa-97_we-1,whía,911,false,expert,Chacon2017,,,
Baniwa-97_we-2-1,Baniwa-97_we-2,wa-,911,false,expert,Chacon2017,,,
Kabiyari-97_we-1-1,Kabiyari-97_we-1,whé,911,false,expert,Chacon2017,,,
Kabiyari-97_we-2-1,Kabiyari-97_we-2,wa-,911,false,expert,Chacon2017,,,
Piapoco-97_we-1-1,Piapoco-97_we-1,wía,911,false,expert,Chacon2017,,,
Resigaro-97_we-1-1,Resigaro-97_we-1,muuʔá,916,false,expert,Chacon2017,,,
Resigaro-97_we-2-1,Resigaro-97_we-2,faʔá,911,false,expert,Chacon2017,,,
Tariana-97_we-1-1,Tariana-97_we-1,w(a)ha,911,false,expert,Chacon2017,,,
Yukuna-97_we-1-1,Yukuna-97_we-1,weká,911,false,expert,Chacon2017,,,
Yukuna-97_we-2-1,Yukuna-97_we-2,weká,911,false,expert,Chacon2017,,,
Warekena-97_we-1-1,Warekena-97_we-1,wa-,911,false,expert,Chacon2017,,,
Warekena-97_we-2-1,Warekena-97_we-2,-wi,911,false,expert,Chacon2017,,,
Achagua-98_what-1-1,Achagua-98_what-1,tána,947,false,expert,Chacon2017,,,
Baniwa-98_what-1-1,Baniwa-98_what-1,kôaka?,948,false,expert,Chacon2017,,,
Kabiyari-98_what-1-1,Kabiyari-98_what-1,mikha,950,false,expert,Chacon2017,,,
Kabiyari-98_what-2-1,Kabiyari-98_what-2,arhi,960,false,expert,Chacon2017,,,
Kabiyari-98_what-3-1,Kabiyari-98_what-3,umha,959,false,expert,Chacon2017,,,
Piapoco-98_what-1-1,Piapoco-98_what-1,kàiná,947,false,expert,Chacon2017,,,
Piapoco-98_what-2-1,Piapoco-98_what-2,kawiná,947,false,expert,Chacon2017,,,
Resigaro-98_what-1-1,Resigaro-98_what-1,keeni,947,false,expert,Chacon2017,,,
Resigaro-98_what-2-1,Resigaro-98_what-2,kooni,947,false,expert,Chacon2017,,,
Yukuna-98_what-1-1,Yukuna-98_what-1,na,925,false,expert,Chacon2017,,,
Achagua-99_white-1-1,Achagua-99_white-1,kabálai,943,false,expert,Chacon2017,,,
Baniwa-99_white-1-1,Baniwa-99_white-1,hále,943,false,expert,Chacon2017,,,
Baniwa-99_white-2-1,Baniwa-99_white-2,yalanawi,944,false,expert,Chacon2017,,,
Kabiyari-99_white-1-1,Kabiyari-99_white-1,katare:i-ri,939,false,expert,Chacon2017,,,
Kabiyari-99_white-2-1,Kabiyari-99_white-2,jarane,944,false,expert,Chacon2017,,,
Piapoco-99_white-1-1,Piapoco-99_white-1,kabalèeɾi,943,false,expert,Chacon2017,,,
Yukuna-99_white-1-1,Yukuna-99_white-1,jareni,944,false,expert,Chacon2017,,,
Achagua-100_who-1-1,Achagua-100_who-1,tána,947,false,expert,Chacon2017,,,
Baniwa-100_who-1-1,Baniwa-100_who-1,kóaka,948,false,expert,Chacon2017,,,
Kabiyari-100_who-1-1,Kabiyari-100_who-1,mikha,950,false,expert,Chacon2017,,,
Kabiyari-100_who-2-1,Kabiyari-100_who-2,arhi,960,false,expert,Chacon2017,,,
Kabiyari-100_who-3-1,Kabiyari-100_who-3,umha,959,false,expert,Chacon2017,,,
Piapoco-100_who-1-1,Piapoco-100_who-1,kàiná,947,false,expert,Chacon2017,,,
Piapoco-100_who-2-1,Piapoco-100_who-2,kawiná,947,false,expert,Chacon2017,,,
Resigaro-100_who-1-1,Resigaro-100_who-1,kéení,947,false,expert,Chacon2017,,,
Tariana-100_who-1-1,Tariana-100_who-1,kwana,947,false,expert,Chacon2017,,,
Yukuna-100_who-1-1,Yukuna-100_who-1,nahlo,955,false,expert,Chacon2017,,,
Achagua-101_woman-1-1,Achagua-101_woman-1,íinetoo,968,false,expert,Chacon2017,,,
Achagua-101_woman-2-1,Achagua-101_woman-2,íina,968,false,expert,Chacon2017,,,
Baniwa-101_woman-1-1,Baniwa-101_woman-1,íinaro,968,false,expert,Chacon2017,,,
Kabiyari-101_woman-1-1,Kabiyari-101_woman-1,nanáwí,23,false,expert,Chacon2017,,,
Piapoco-101_woman-1-1,Piapoco-101_woman-1,inanái,968,false,expert,Chacon2017,,,
Resigaro-101_woman-1-1,Resigaro-101_woman-1,ináadó,968,false,expert,Chacon2017,,,
Yukuna-101_woman-1-1,Yukuna-101_woman-1,inanaɾu,968,false,expert,Chacon2017,,,
Achagua-102_yellow-1-1,Achagua-102_yellow-1,mereekii,971,false,expert,Chacon2017,,,
Baniwa-102_yellow-1-1,Baniwa-102_yellow-1,éewa,981,false,expert,Chacon2017,,,
Kabiyari-102_yellow-1-1,Kabiyari-102_yellow-1,karawa-ri,981,false,expert,Chacon2017,,,
Piapoco-102_yellow-1-1,Piapoco-102_yellow-1,é(e)wa,981,false,expert,Chacon2017,,,
Piapoco-102_yellow-2-1,Piapoco-102_yellow-2,é:wé:ɾi,981,false,expert,Chacon2017,,,
Resigaro-102_yellow-1-1,Resigaro-102_yellow-1,dogíigaʔéʔ,976,false,expert,Chacon2017,,,
Yukuna-102_yellow-1-1,Yukuna-102_yellow-1,jewani,981,false,expert,Chacon2017,,,
